,Fold,Loss,Accuracy,,
0,1,0.179975688,0.927649796,,
1,2,0.171314612,0.931924343,,
2,3,0.173198819,0.931924343,,
3,4,0.175364107,0.929549575,,
4,5,0.17937851,0.927412331,,
5,6,0.17617996,0.930341184,,
6,7,0.179238841,0.926858246,,
7,8,0.180732012,0.928599715,,
8,9,0.180351377,0.927333176,,
9,10,0.176019654,0.928916335,,
10,Avg,0.177175358,0.929050905,min,0.926858246
,,,,max,0.931924343
